<?xml version="1.0" encoding="UTF-8"?>
<!DOCTYPE mapper PUBLIC "-//mybatis.org//DTD Mapper 3.0//EN" "http://mybatis.org/dtd/mybatis-3-mapper.dtd">
<mapper namespace="wms_project.mapper.DeliveryShipMapper">

	<select id="ShipList" resultType="wms_project.dto.DeliveryShipDTO" parameterType="Map">
	    SELECT aidx, aordercode, aproductcode, aproduct, acustomer, ahp, 
	           date, deliveryname, dcode,
	           bapprove, dapprove, date, 
	           stracking, sqrimg, sqrurl, shipstate
	    FROM shipping
	    WHERE dcode != 'N' 
	      AND bapprove != 'Y' 
	      AND dapprove != 'Y'
	      <if test="start != null and end != null">
	        AND date >= concat(#{start}, ' 00:00:00') and date &lt;= concat(#{end}, ' 23:59:59')
	      </if>
	      <if test="dcode != null and dcode !='전체'">
	        AND dcode = #{dcode}
	      </if>
	    ORDER BY aidx DESC
	    LIMIT ${startno},${endno}
	</select>
	
	<select id="ShipCtn" resultType="Integer" parameterType="Map">
	    SELECT COUNT(*) AS ctn
	    FROM shipping
	    WHERE dcode != 'N' 
	      AND bapprove != 'Y' 
	      AND dapprove != 'Y'
	      <if test="start != null and end != null">
	        AND date >= concat(#{start}, ' 00:00:00') and date &lt;= concat(#{end}, ' 23:59:59')
	      </if>
	      <if test="dcode != null and dcode !='전체'">
	        AND dcode = #{dcode}
	      </if>
	</select>
	
	<select id="ShipName" resultType="wms_project.dto.DeliveryShipDTO">
	        SELECT s.aidx, s.deliveryname, s.dcode, s.dspot
	        FROM shipping s
	        JOIN (
	            SELECT MAX(aidx) AS max_aidx, dcode
	            FROM shipping
	            WHERE dcode != 'N'
	            GROUP BY dcode, deliveryname, dspot
	        ) subquery ON s.aidx = subquery.max_aidx AND s.dcode = subquery.dcode
	        ORDER BY s.aidx DESC;
	</select>

	<update id="ShipTracking" parameterType="wms_project.dto.DeliveryShipDTO">
		UPDATE shipping
		SET stracking=#{stracking}
		WHERE aidx=#{aidx} AND stracking = 'N'
	</update>

	<select id="ShipTR" parameterType="String" resultType="String">
		SELECT stracking, aidx
		FROM shipping
		WHERE aidx=#{aidx} 
	</select>

	<select id="ShipQR" resultType="String" parameterType="String">
		SELECT sqrimg
		FROM shipping
		WHERE stracking != 'N' 
		AND sqrimg ='N' 
		AND sqrurl ='N' 
		AND aidx=#{aidx}
	</select>
	 
	<update id="QRmake" parameterType="wms_project.dto.DeliveryShipDTO">
	UPDATE shipping
	SET sqrimg=#{sqrimg}, sqrurl=#{sqrurl}
	WHERE aidx=#{aidx} AND stracking != 'N'
	</update>

	
	

</mapper>