<?xml version="1.0" encoding="UTF-8"?>
<!DOCTYPE mapper PUBLIC "-//mybatis.org//DTD Mapper 3.0//EN" "http://mybatis.org/dtd/mybatis-3-mapper.dtd">
<mapper namespace="wms_project.mapper.StoreDeliveryMapper">

<select id="order_list" parameterType="Map" resultType="wms_project.dto.ShippingDTO">
        select aidx, aordercode, aproduct, aproductcode, acustomer, ahp, addr, date, adeliveryck, shipstate from shipping
        where shipstate != '배송완료' AND dapprove = 'N' 
        <if test="radio != null and radio != 'undefined'">
        AND adeliveryck = #{radio}
    	</if>
        <if test="startDate != null and startDate != '' and endDate != null and endDate != ''">
        AND date BETWEEN #{startDate} AND #{endDate}
    	</if>   	
        order by date desc
        LIMIT #{startno}, #{endno}
</select>
<select id="order_count" parameterType="Map" resultType="Integer">
        select count(*) from shipping
        where shipstate != '배송완료' AND dapprove = 'N' 
        <if test="radio != null and radio != 'undefined'">
        AND adeliveryck = #{radio}
    	</if>
        <if test="startDate != null and startDate != '' and endDate != null and endDate != ''">
        AND date BETWEEN #{startDate} AND #{endDate}
    	</if>   	
</select>

<select id="deliverymenlist" parameterType="Map" resultType="wms_project.dto.DeliveryListDTO">
        select dname, dspot, dcode from delivery
        where dspot = #{mspot}
        and dimgck = "Y" and dapprove = "근무중"
 
</select>

<update id="useDeliverymen" parameterType="Map">
	UPDATE shipping
    SET adeliveryck = "Y", deliveryname = #{dname}, dcode = #{dcode}, dspot = #{dspot}  
    WHERE aidx = #{aidx}	
</update>

<!-- 배송기사 목록에서 삭제 -->
<update id="DeleteDeliverymen" parameterType="Int">
	UPDATE shipping
    SET dapprove = "Y" , adeliveryck = "N"
    WHERE aidx = #{aidx} AND shipstate != "배송중"	
</update>



</mapper>